"氏名","ふりがな","氏名ふりがな"
"西岡","にしおか","西岡（にしおか）"
"長谷川","はせがわ","長谷川（はせがわ）"
"河合","かわい","河合（かわい）"
"米田","よねだ","米田（よねだ）"
"岩佐","いわさ","岩佐（いわさ）"
"飯島","いいじま","飯島（いいじま）"
"民谷","たみや","民谷（たみや）"
"廣瀬","ひろせ","廣瀬（ひろせ）"
"本多","ほんだ","本多（ほんだ）"
"平野","へいや","平野（へいや）"
"上村","かみむら","上村（かみむら）"
"岩田","いわた","岩田（いわた）"
"嶋崎秀彦","しまざきひでひこ","嶋崎秀彦（しまざきひでひこ）"
"たかざわ秀行","たかざわひでゆき","たかざわ秀行（たかざわひでゆき）"
"池田とものり","いけだとものり","池田とものり（いけだとものり）"
"牛尾こうじろう","うしおこうじろう","牛尾こうじろう（うしおこうじろう）"
"大坂隆洋","おおさかたかひろ","大坂隆洋（おおさかたかひろ）"
"飯島和子","いいじまかずこ","飯島和子（いいじまかずこ）"
"米田かずや","よねだかずや","米田かずや（よねだかずや）"
"永田壮一","ながたそういち","永田壮一（ながたそういち）"
"小枝","こえだ","小枝（こえだ）"
"大串","おおぐし","大串（おおぐし）"
"木村","きむら","木村（きむら）"
"桜井","さくらい","桜井（さくらい）"
"小林たかや","こばやしたかや","小林たかや（こばやしたかや）"
"牛尾","うしお","牛尾（うしお）"
"林","はやし","林（はやし）"
"小野","おの","小野（おの）"
"小林やすお","こばやしやすお","小林やすお（こばやしやすお）"
"秋谷","あきや","秋谷（あきや）"
"山田","やまだ","山田（やまだ）"
"たかざわ","たかざわ","たかざわ（たかざわ）"
"永田","ながた","永田（ながた）"
"嶋崎","しまざき","嶋崎（しまざき）"
"大坂","おおさか","大坂（おおさか）"
"長谷川みえこ","はせがわみえこ","長谷川みえこ（はせがわみえこ）"
"小枝すみ子","こえだすみこ","小枝すみ子（こえだすみこ）"
"岩田かずひと","いわたかずひと","岩田かずひと（いわたかずひと）"
"岩佐りょう子","いわさりょうこ","岩佐りょう子（いわさりょうこ）"
"小野なりこ","おのなりこ","小野なりこ（おのなりこ）"
"大串ひろやす","おおぐしひろやす","大串ひろやす（おおぐしひろやす）"
"林則行","はやしのりゆき","林則行（はやしのりゆき）"
"西岡めぐみ","にしおかめぐみ","西岡めぐみ（にしおかめぐみ）"
"河合良郎","かわいよしろう","河合良郎（かわいよしろう）"
"木村正明","きむらまさあき","木村正明（きむらまさあき）"
"うがい","うがい","うがい（うがい）"
"秋谷こうき","あきやこうき","秋谷こうき（あきやこうき）"
"池田","いけだ","池田（いけだ）"
"……","……","……（……）"
"うがい友義","うがいともよし","うがい友義（うがいともよし）"
"山田丈夫","やまだじょうぶ","山田丈夫（やまだじょうぶ）"
"鈴木（正）","すずき（せい）","鈴木（正）（すずき（せい））"
"横山","よこやま","横山（よこやま）"
"田近","たじか","田近（たじか）"
"井田","いだ","井田（いだ）"
"鈴木（宏）","すずき（ひろし）","鈴木（宏）（すずき（ひろし））"
"中村","なかむら","中村（なかむら）"
"齋田","さいだ","齋田（さいだ）"
"内田","うちだ","内田（うちだ）"
"内田直之","うちだなおゆき","内田直之（うちだなおゆき）"
"桜井ただし","さくらいただし","桜井ただし（さくらいただし）"
"はやお恭一","はやおきょういち","はやお恭一（はやおきょういち）"
"はやお","はやお","はやお（はやお）"
"鈴木正道","すずきせいどう","鈴木正道（すずきせいどう）"
"鈴木宏昌","すずきひろまさ","鈴木宏昌（すずきひろまさ）"
"小林（た）","こばやし（た）","小林（た）（こばやし（た））"
"竹内","たけうち","竹内（たけうち）"
"作道","つくりみち","作道（つくりみち）"
"斎藤","さいとう","斎藤（さいとう）"
"高梨","たかなし","高梨（たかなし）"
"城塚","しろつか","城塚（しろつか）"
"中山","なかやま","中山（なかやま）"
"齋藤","さいとう","齋藤（さいとう）"
"牛尾耕二郎","うしおこうじろう","牛尾耕二郎（うしおこうじろう）"
"寺沢","てらさわ","寺沢（てらさわ）"
"戸張","とばり","戸張（とばり）"
"松本","まつもと","松本（まつもと）"
"寺沢文子","てらさわふみこ","寺沢文子（てらさわふみこ）"
"戸張孝次郎","とばりこうじろう","戸張孝次郎（とばりこうじろう）"
"笠井","かさい","笠井（かさい）"
"向笠","むかさ","向笠（むかさ）"
"石澤","いしざわ","石澤（いしざわ）"
"坂井","さかい","坂井（さかい）"
"松永","まつなが","松永（まつなが）"
"山口","やまぐち","山口（やまぐち）"
"小野田","おのだ","小野田（おのだ）"
"松本佳子","まつもとけいこ","松本佳子（まつもとけいこ）"
"角谷","かくたに","角谷（かくたに）"
"横田","よこた","横田（よこた）"
"佐藤","さとう","佐藤（さとう）"
"山崎","やまざき","山崎（やまざき）"
"石渡伸幸","いしわたりのぶゆき","石渡伸幸（いしわたりのぶゆき）"
"鳥海隆弘","ちょうかいたかひろ","鳥海隆弘（ちょうかいたかひろ）"
"石渡","いしわたり","石渡（いしわたり）"
"高澤","たかざわ","高澤（たかざわ）"
"うさみ","うさみ","うさみ（うさみ）"
"鳥海","ちょうかい","鳥海（ちょうかい）"
"高山","こうざん","高山（こうざん）"
"安岡","やすおか","安岡（やすおか）"
"高山はじめ","こうざんはじめ","高山はじめ（こうざんはじめ）"
"高澤秀行","たかざわひでゆき","高澤秀行（たかざわひでゆき）"
"大井","おおい","大井（おおい）"
"小串","おぐし","小串（おぐし）"
"うさみ正記","うさみまさき","うさみ正記（うさみまさき）"
"中村つねお","なかむらつねお","中村つねお（なかむらつねお）"
"小林","こばやし","小林（こばやし）"
"安岡けんじ","やすおかけんじ","安岡けんじ（やすおかけんじ）"
"坂下","さかした","坂下（さかした）"
"川原","かわら","川原（かわら）"
"清水","しみず","清水（しみず）"
"飯塚","いいづか","飯塚（いいづか）"
"田中","たなか","田中（たなか）"
"宇田","うた","宇田（うた）"
"林（勇）","はやし（いさみ）","林（勇）（はやし（いさみ））"
"塚谷","つかたに","塚谷（つかたに）"
"林（則）","はやし（のり）","林（則）（はやし（のり））"
"山田ながひで","やまだながひで","山田ながひで（やまだながひで）"
"石田","いしだ","石田（いしだ）"
"鈴木","すずき","鈴木（すずき）"
"××","","××（）"
"橘","たちばな","橘（たちばな）"
"都築","つづき","都築（つづき）"
"伯耆原","ほうきはら","伯耆原（ほうきはら）"
"高柳","たかやなぎ","高柳（たかやなぎ）"
"鎌倉","かまくら","鎌倉（かまくら）"
"荻原","おぎわら","荻原（おぎわら）"
"野沢","のざわ","野沢（のざわ）"
"福山","ふくやま","福山（ふくやま）"
"市川","いちかわ","市川（いちかわ）"
"福山和夫","ふくやまかずお","福山和夫（ふくやまかずお）"
"野沢けいすけ","のざわけいすけ","野沢けいすけ（のざわけいすけ）"
"荻原秀夫","おぎわらひでお","荻原秀夫（おぎわらひでお）"
"岩崎","いわさき","岩崎（いわさき）"
"瀧口","たきぐち","瀧口（たきぐち）"
"中川","なかがわ","中川（なかがわ）"
"花田","はなだ","花田（はなだ）"
"大塚","おおつか","大塚（おおつか）"
"松崎","まつざき","松崎（まつざき）"
"井出","いで","井出（いで）"
"岡本","おかもと","岡本（おかもと）"
"○○","○○","○○（○○）"
"下田","しもだ","下田（しもだ）"
"古川","ふるかわ","古川（ふるかわ）"
"安部","あべ","安部（あべ）"
"下田武夫","しもだたけお","下田武夫（しもだたけお）"
"・・","・・","・・（・・）"
"竹田","たけだ","竹田（たけだ）"
"小山","おやま","小山（おやま）"
"満処","まんところ","満処（まんところ）"
"久門","ひさかど","久門（ひさかど）"
"竹田靖子","たけだやすこ","竹田靖子（たけだやすこ）"
"鈴木栄一","すずきえいいち","鈴木栄一（すずきえいいち）"
"小山みつ子","おやまみつこ","小山みつ子（おやまみつこ）"
"三村","みむら","三村（みむら）"
"藤本","ふじもと","藤本（ふじもと）"
"丸山","まるやま","丸山（まるやま）"
"小暮","こぐれ","小暮（こぐれ）"
"酒井","さかい","酒井（さかい）"
"木全","きまた","木全（きまた）"
"伊東","いとう","伊東（いとう）"
"石渡しんこう","いしわたりしんこう","石渡しんこう（いしわたりしんこう）"
"吉川","よしかわ","吉川（よしかわ）"
"長澤","ながさわ","長澤（ながさわ）"
"中島","なかじま","中島（なかじま）"
"松澤","まつざわ","松澤（まつざわ）"
"小林（や）","こばやし（や）","小林（や）（こばやし（や））"
"吉田","よしだ","吉田（よしだ）"
"小嶋","こじま","小嶋（こじま）"
"久門治人","ひさかどはるひと","久門治人（ひさかどはるひと）"
"大宮","おおみや","大宮（おおみや）"
"湯藤","ゆとう","湯藤（ゆとう）"
"下川","しもかわ","下川（しもかわ）"
"長竹","ながたけ","長竹（ながたけ）"
"小島","こじま","小島（こじま）"
"大宮正義","おおみやせいぎ","大宮正義（おおみやせいぎ）"
"吉成","よしなり","吉成（よしなり）"
"大串博康","おおぐしひろやす","大串博康（おおぐしひろやす）"
"阿部","あべ","阿部（あべ）"
"早尾","そうお","早尾（そうお）"
"香村","かむら","香村（かむら）"
"日吉","ひよし","日吉（ひよし）"
"関","かん","関（かん）"
"野尻","のじり","野尻（のじり）"
"満処昭一","まんところしょういち","満処昭一（まんところしょういち）"
"吉成五郎","よしなりごろう","吉成五郎（よしなりごろう）"
"高橋のりお","たかはしのりお","高橋のりお（たかはしのりお）"
"鎌倉つとむ","かまくらつとむ","鎌倉つとむ（かまくらつとむ）"
"荻生誠","おぎゅうまこと","荻生誠（おぎゅうまこと）"
"橘昌男","たちばなまさお","橘昌男（たちばなまさお）"
"笹間芳彦","ささまよしひこ","笹間芳彦（ささまよしひこ）"
"市川宗隆","いちかわむねたか","市川宗隆（いちかわむねたか）"
"村瀬正治","むらせまさじ","村瀬正治（むらせまさじ）"
"橘まさお","たちばなまさお","橘まさお（たちばなまさお）"
"清水こうすけ","しみずこうすけ","清水こうすけ（しみずこうすけ）"
"紙谷武","かみたにたけし","紙谷武（かみたにたけし）"
"城井健介","しろいけんすけ","城井健介（しろいけんすけ）"
"桜井きよし","さくらいきよし","桜井きよし（さくらいきよし）"
"山田ゆうじろう","やまだゆうじろう","山田ゆうじろう（やまだゆうじろう）"
"佐藤義明","さとうよしあき","佐藤義明（さとうよしあき）"
"吉野大","よしのだい","吉野大（よしのだい）"
"川島ひろゆき","かわしまひろゆき","川島ひろゆき（かわしまひろゆき）"
"鈴木きくじ","すずききくじ","鈴木きくじ（すずききくじ）"
"香村美子","かむらよしこ","香村美子（かむらよしこ）"
"菅沢林","すがさわはやし","菅沢林（すがさわはやし）"
"福地千太郎","ふくちせんたろう","福地千太郎（ふくちせんたろう）"
"橋口太","はしぐちた","橋口太（はしぐちた）"
"山名勇","さんめいいさみ","山名勇（さんめいいさみ）"
"野口つた子","のぐちつたこ","野口つた子（のぐちつたこ）"
"水野正雄","みずのまさお","水野正雄（みずのまさお）"
"水野浦治郎","みずのうらじろう","水野浦治郎（みずのうらじろう）"
"天田マサ子","あまだまさこ","天田マサ子（あまだまさこ）"
"山田こうぜん","やまだこうぜん","山田こうぜん（やまだこうぜん）"
"西角清忠","にしかどきよただ","西角清忠（にしかどきよただ）"
"中村かく","なかむらかく","中村かく（なかむらかく）"
"内田茂","うちだしげる","内田茂（うちだしげる）"
"小林昇","こばやしのぼる","小林昇（こばやしのぼる）"
"藤田和生","ふじたかずお","藤田和生（ふじたかずお）"
"林さとる","はやしさとる","林さとる（はやしさとる）"
"仙石晴一","せんごくせいいち","仙石晴一（せんごくせいいち）"
